19:37:53 R <xml><ToUserName><![CDATA[gh_ec721735b077]]></ToUserName>
<FromUserName><![CDATA[oy_Ih1Uo2f4WlUeU5LKqPg6Skjm4]]></FromUserName>
<CreateTime>1542886673</CreateTime>
<MsgType><![CDATA[text]]></MsgType>
<Content><![CDATA[南京天气]]></Content>
<MsgId>6626647802393092901</MsgId>
</xml>
19:37:53 T <xml>
        <ToUserName><![CDATA[oy_Ih1Uo2f4WlUeU5LKqPg6Skjm4]]></ToUserName>
        <FromUserName><![CDATA[gh_ec721735b077]]></FromUserName>
        <CreateTime>1542886673</CreateTime>
        <MsgType><![CDATA[text]]></MsgType>
        <Content><![CDATA[南京的天气情况：
今天天气:
最高温度:18℃
最低温度:21℃
]]></Content>
        </xml>
19:39:30 R <xml><ToUserName><![CDATA[gh_ec721735b077]]></ToUserName>
<FromUserName><![CDATA[oy_Ih1Uo2f4WlUeU5LKqPg6Skjm4]]></FromUserName>
<CreateTime>1542886770</CreateTime>
<MsgType><![CDATA[text]]></MsgType>
<Content><![CDATA[天气]]></Content>
<MsgId>6626648219004920615</MsgId>
</xml>
19:39:31 T <xml>
        <ToUserName><![CDATA[oy_Ih1Uo2f4WlUeU5LKqPg6Skjm4]]></ToUserName>
        <FromUserName><![CDATA[gh_ec721735b077]]></FromUserName>
        <CreateTime>1542886771</CreateTime>
        <MsgType><![CDATA[text]]></MsgType>
        <Content><![CDATA[的天气情况：
今天天气:晴
最高温度:高温 8.0℃
最低温度:低温 -3.0℃
]]></Content>
        </xml>
19:39:34 R <xml><ToUserName><![CDATA[gh_ec721735b077]]></ToUserName>
<FromUserName><![CDATA[oy_Ih1Uo2f4WlUeU5LKqPg6Skjm4]]></FromUserName>
<CreateTime>1542886774</CreateTime>
<MsgType><![CDATA[text]]></MsgType>
<Content><![CDATA[北京天气]]></Content>
<MsgId>6626648236184789801</MsgId>
</xml>
19:39:35 T <xml>
        <ToUserName><![CDATA[oy_Ih1Uo2f4WlUeU5LKqPg6Skjm4]]></ToUserName>
        <FromUserName><![CDATA[gh_ec721735b077]]></FromUserName>
        <CreateTime>1542886775</CreateTime>
        <MsgType><![CDATA[text]]></MsgType>
        <Content><![CDATA[的天气情况：
今天天气:晴
最高温度:高温 8.0℃
最低温度:低温 -3.0℃
]]></Content>
        </xml>
19:40:27 R <xml><ToUserName><![CDATA[gh_ec721735b077]]></ToUserName>
<FromUserName><![CDATA[oy_Ih1Uo2f4WlUeU5LKqPg6Skjm4]]></FromUserName>
<CreateTime>1542886827</CreateTime>
<MsgType><![CDATA[text]]></MsgType>
<Content><![CDATA[乌鲁木齐]]></Content>
<MsgId>6626648463818056491</MsgId>
</xml>
19:40:27 T <xml>
        <ToUserName><![CDATA[oy_Ih1Uo2f4WlUeU5LKqPg6Skjm4]]></ToUserName>
        <FromUserName><![CDATA[gh_ec721735b077]]></FromUserName>
        <CreateTime>1542886827</CreateTime>
        <MsgType><![CDATA[text]]></MsgType>
        <Content><![CDATA[未能识别,请输入正确指令]]></Content>
        </xml>
19:40:33 R <xml><ToUserName><![CDATA[gh_ec721735b077]]></ToUserName>
<FromUserName><![CDATA[oy_Ih1Uo2f4WlUeU5LKqPg6Skjm4]]></FromUserName>
<CreateTime>1542886833</CreateTime>
<MsgType><![CDATA[text]]></MsgType>
<Content><![CDATA[乌鲁木齐天气]]></Content>
<MsgId>6626648489587860269</MsgId>
</xml>
19:40:33 T <xml>
        <ToUserName><![CDATA[oy_Ih1Uo2f4WlUeU5LKqPg6Skjm4]]></ToUserName>
        <FromUserName><![CDATA[gh_ec721735b077]]></FromUserName>
        <CreateTime>1542886833</CreateTime>
        <MsgType><![CDATA[text]]></MsgType>
        <Content><![CDATA[的天气情况：
今天天气:晴
最高温度:高温 8.0℃
最低温度:低温 -3.0℃
]]></Content>
        </xml>
19:40:44 R <xml><ToUserName><![CDATA[gh_ec721735b077]]></ToUserName>
<FromUserName><![CDATA[oy_Ih1Uo2f4WlUeU5LKqPg6Skjm4]]></FromUserName>
<CreateTime>1542886844</CreateTime>
<MsgType><![CDATA[text]]></MsgType>
<Content><![CDATA[张家口天气]]></Content>
<MsgId>6626648536832500527</MsgId>
</xml>
19:40:45 T <xml>
        <ToUserName><![CDATA[oy_Ih1Uo2f4WlUeU5LKqPg6Skjm4]]></ToUserName>
        <FromUserName><![CDATA[gh_ec721735b077]]></FromUserName>
        <CreateTime>1542886845</CreateTime>
        <MsgType><![CDATA[text]]></MsgType>
        <Content><![CDATA[的天气情况：
今天天气:晴
最高温度:高温 8.0℃
最低温度:低温 -3.0℃
]]></Content>
        </xml>
19:42:38 R <xml><ToUserName><![CDATA[gh_ec721735b077]]></ToUserName>
<FromUserName><![CDATA[oy_Ih1Uo2f4WlUeU5LKqPg6Skjm4]]></FromUserName>
<CreateTime>1542886958</CreateTime>
<MsgType><![CDATA[text]]></MsgType>
<Content><![CDATA[北京天气]]></Content>
<MsgId>6626649026458772273</MsgId>
</xml>
19:42:38 T <xml>
        <ToUserName><![CDATA[oy_Ih1Uo2f4WlUeU5LKqPg6Skjm4]]></ToUserName>
        <FromUserName><![CDATA[gh_ec721735b077]]></FromUserName>
        <CreateTime>1542886958</CreateTime>
        <MsgType><![CDATA[text]]></MsgType>
        <Content><![CDATA[北京市的天气情况：
今天天气:晴
最高温度:高温 8.0℃
最低温度:低温 -3.0℃
]]></Content>
        </xml>
19:42:42 R <xml><ToUserName><![CDATA[gh_ec721735b077]]></ToUserName>
<FromUserName><![CDATA[oy_Ih1Uo2f4WlUeU5LKqPg6Skjm4]]></FromUserName>
<CreateTime>1542886962</CreateTime>
<MsgType><![CDATA[text]]></MsgType>
<Content><![CDATA[张家口天气]]></Content>
<MsgId>6626649043638641459</MsgId>
</xml>
19:42:42 T <xml>
        <ToUserName><![CDATA[oy_Ih1Uo2f4WlUeU5LKqPg6Skjm4]]></ToUserName>
        <FromUserName><![CDATA[gh_ec721735b077]]></FromUserName>
        <CreateTime>1542886962</CreateTime>
        <MsgType><![CDATA[text]]></MsgType>
        <Content><![CDATA[张家口市的天气情况：
今天天气:晴
最高温度:高温 4.0℃
最低温度:低温 -6.0℃
]]></Content>
        </xml>
19:43:12 R <xml><ToUserName><![CDATA[gh_ec721735b077]]></ToUserName>
<FromUserName><![CDATA[oy_Ih1Uo2f4WlUeU5LKqPg6Skjm4]]></FromUserName>
<CreateTime>1542886992</CreateTime>
<MsgType><![CDATA[text]]></MsgType>
<Content><![CDATA[乌鲁木齐天气]]></Content>
<MsgId>6626649172487660341</MsgId>
</xml>
19:43:12 T <xml>
        <ToUserName><![CDATA[oy_Ih1Uo2f4WlUeU5LKqPg6Skjm4]]></ToUserName>
        <FromUserName><![CDATA[gh_ec721735b077]]></FromUserName>
        <CreateTime>1542886992</CreateTime>
        <MsgType><![CDATA[text]]></MsgType>
        <Content><![CDATA[乌鲁木齐市的天气情况：
今天天气:晴
最高温度:高温 -1.0℃
最低温度:低温 -9.0℃
]]></Content>
        </xml>
19:43:35 R <xml><ToUserName><![CDATA[gh_ec721735b077]]></ToUserName>
<FromUserName><![CDATA[oy_Ih1Uo2f4WlUeU5LKqPg6Skjm4]]></FromUserName>
<CreateTime>1542887015</CreateTime>
<MsgType><![CDATA[text]]></MsgType>
<Content><![CDATA[杭州天气]]></Content>
<MsgId>6626649271271908151</MsgId>
</xml>
19:43:35 T <xml>
        <ToUserName><![CDATA[oy_Ih1Uo2f4WlUeU5LKqPg6Skjm4]]></ToUserName>
        <FromUserName><![CDATA[gh_ec721735b077]]></FromUserName>
        <CreateTime>1542887015</CreateTime>
        <MsgType><![CDATA[text]]></MsgType>
        <Content><![CDATA[杭州市的天气情况：
今天天气:晴
最高温度:高温 14.0℃
最低温度:低温 7.0℃
]]></Content>
        </xml>
19:43:40 R <xml><ToUserName><![CDATA[gh_ec721735b077]]></ToUserName>
<FromUserName><![CDATA[oy_Ih1Uo2f4WlUeU5LKqPg6Skjm4]]></FromUserName>
<CreateTime>1542887020</CreateTime>
<MsgType><![CDATA[text]]></MsgType>
<Content><![CDATA[西藏天气]]></Content>
<MsgId>6626649292746744633</MsgId>
</xml>
19:43:40 T <xml>
        <ToUserName><![CDATA[oy_Ih1Uo2f4WlUeU5LKqPg6Skjm4]]></ToUserName>
        <FromUserName><![CDATA[gh_ec721735b077]]></FromUserName>
        <CreateTime>1542887020</CreateTime>
        <MsgType><![CDATA[text]]></MsgType>
        <Content><![CDATA[北京市的天气情况：
今天天气:晴
最高温度:高温 8.0℃
最低温度:低温 -3.0℃
]]></Content>
        </xml>
19:43:49 R <xml><ToUserName><![CDATA[gh_ec721735b077]]></ToUserName>
<FromUserName><![CDATA[oy_Ih1Uo2f4WlUeU5LKqPg6Skjm4]]></FromUserName>
<CreateTime>1542887029</CreateTime>
<MsgType><![CDATA[text]]></MsgType>
<Content><![CDATA[拉萨天气]]></Content>
<MsgId>6626649331401450299</MsgId>
</xml>
19:43:50 T <xml>
        <ToUserName><![CDATA[oy_Ih1Uo2f4WlUeU5LKqPg6Skjm4]]></ToUserName>
        <FromUserName><![CDATA[gh_ec721735b077]]></FromUserName>
        <CreateTime>1542887030</CreateTime>
        <MsgType><![CDATA[text]]></MsgType>
        <Content><![CDATA[拉萨市的天气情况：
今天天气:多云
最高温度:高温 12.0℃
最低温度:低温 -4.0℃
]]></Content>
        </xml>
19:48:21 R <xml><ToUserName><![CDATA[gh_ec721735b077]]></ToUserName>
<FromUserName><![CDATA[oy_Ih1Uo2f4WlUeU5LKqPg6Skjm4]]></FromUserName>
<CreateTime>1542887301</CreateTime>
<MsgType><![CDATA[text]]></MsgType>
<Content><![CDATA[哈哈哈]]></Content>
<MsgId>6626650499632554813</MsgId>
</xml>
19:48:21 T <xml>
        <ToUserName><![CDATA[oy_Ih1Uo2f4WlUeU5LKqPg6Skjm4]]></ToUserName>
        <FromUserName><![CDATA[gh_ec721735b077]]></FromUserName>
        <CreateTime>1542887301</CreateTime>
        <MsgType><![CDATA[text]]></MsgType>
        <Content><![CDATA[未能识别,请输入正确指令]]></Content>
        </xml>
